Workbook

Sheet figurinhas
A1: ID | B1: NOME_COMPLETO | C1: idade | D1: EQUIPE | E1: FIGURINHA | F1: TIPO | G1: a | H1: NOME | I1: TOTAL | J1: JA TENHO | K1: FALTA | L1: PORCENTAGEM
A2: 1 | B2: ADIEL | C2: 16 | D2: MACH FLAS | E2: F | F2: ALUNO | H2: MACH FLAS | I2: 4 | J2: =COUNTIFS(D:D, H2, E:E, "V") -> 0 | K2: =VALUE(I2)-J2 -> 4 | L2: =COUNTIF(E:E, "V") / COUNTIFS(E:E, "<>") -> 0.051282051
A3: 2 | B3: ASAPHY | C3: 16 | D3: JUSTICEIROS | E3: F | F3: ALUNO | H3: JUSTICEIROS | I3: 4 | J3: =COUNTIFS(D:D, H3, E:E, "V") -> 1 | K3: =VALUE(I3)-J3 -> 3
A4: 3 | B4: BRENO | C4: 16 | D4: THE BEAR | E4: F | F4: ALUNO | H4: THE BEAR | I4: 3 | J4: =COUNTIFS(D:D, H4, E:E, "V") -> 0 | K4: =VALUE(I4)-J4 -> 3
A5: 4 | B5: CAUA LORENZO | C5: 16 | D5: COBRA KAI | E5: F | F5: ALUNO | H5: COBRA KAI | I5: 5 | J5: =COUNTIFS(D:D, H5, E:E, "V") -> 0 | K5: =VALUE(I5)-J5 -> 5
A6: 5 | B6: DAVI LUCAS | C6: 16 | D6: THE BEAR | E6: F | F6: ALUNO | H6: TROPA DO VTZ | I6: 5 | J6: =COUNTIFS(D:D, H6, E:E, "V") -> 0 | K6: =VALUE(I6)-J6 -> 5
A7: 6 | B7: EDUARDO | C7: 16 | D7: JUSTICEIROS | E7: F | F7: ALUNO | H7: TIME EXTRA | I7: 2 | J7: =COUNTIFS(D:D, H7, E:E, "V") -> 0 | K7: =VALUE(I7)-J7 -> 2
A8: 7 | B8: ELOISA | C8: 16 | D8: COBRA KAI | E8: F | F8: ALUNO | I8: =SUM(I2:I7) -> 23
A9: 8 | B9: ESDRAS | C9: 16 | D9: JUSTICEIROS | E9: V | F9: ALUNO
A10: 9 | B10: GABRIEL | C10: 16 | D10: TROPA VTZ | E10: F | F10: ALUNO
A11: 10 | B11: IGOR | C11: 16 | D11: JUSTICEIROS | E11: F | F11: ALUNO
A12: 11 | B12: JEOVA | C12: 16 | D12: COBRA KAI | E12: F | F12: ALUNO
A13: 12 | B13: JOAO MANUEL | C13: 16 | D13: MACH FLAS | E13: F | F13: ALUNO
A14: 13 | B14: JOAO MARCELO | C14: 16 | D14: COBRA KAI | E14: F | F14: ALUNO
A15: 14 | B15: JUAN CUNHA | C15: 16 | D15: EXTRA | E15: F | F15: ALUNO
A16: 15 | B16: JUAN PAULO | C16: 16 | D16: COBRA KAI | E16: F | F16: ALUNO
A17: 16 | B17: MARCOS PAULO | C17: 16 | D17: THE BEAR | E17: F | F17: ALUNO
A18: 17 | B18: NICOLAS | C18: 15 | D18: MACH FLAS | E18: F | F18: ALUNO
A19: 18 | B19: PEDRO HENRIQUE | C19: 16 | D19: MACH FLAS | E19: F | F19: ALUNO
A20: 19 | B20: REBECA | C20: 16 | D20: EXTRA | E20: F | F20: ALUNO
... A24: 23 | B24: VICTOR HUGO | C24: 16 | D24: TROPA VTZ | E24: F | F24: ALUNO
A25: 24 | B25: Natalia | E25: F | F25: RARA
A26: 25 | B26: TROPA VTZ | E26: F | F26: ESCUDERIA
A27: 26 | B27: MACH FLAS | E27: F | F27: ESCUDERIA
A28: 27 | B28: JUSTICEIRO | E28: V | F28: ESCUDERIA
A29: 28 | B29: THE BEAR | E29: F | F29: ESCUDERIA
A30: 29 | B30: COBRA KAI | E30: F | F30: ESCUDERIA
A31: 30 | B31: TURMA | E31: F | F31: RARA
E32: =IF(figurinhas!$E$2:$E$31 = V) -> #N/A
B41: EQUIPES
B42: id_equipe | C42: nome_equipe | D42: cor_equipe | E42: total_integrantes | F42: tamanho_equipe
B43: A | C43: {=UNIQUE(H2:H7)} -> MACH FLAS | E43: =COUNTIF($D$2:$D$24 , "MACH FLAS") -> 4
B44: B | C44: JUSTICEIROS | E44: =COUNTIF($D$2:$D$24 , "JUSTICEIROS") -> 4
B45: C | C45: THE BEAR | E45: =COUNTIF($D$2:$D$24 , "THE BEAR") -> 3
B46: D | C46: COBRA KAI | E46: =COUNTIF($D$2:$D$24 , "COBRA KAI") -> 5
B47: E | C47: TROPA DO VTZ | E47: =COUNTIF($D$2:$D$24 , "TROPA VTZ") -> 5
B48: F | C48: TIME EXTRA | E48: =COUNTIF($D$2:$D$24 , "EXTRA") -> 2

Sheet A
A1: EQUIPES
A2: id_equipe | B2: nome_equipe | C2: cor_equipe | D2: total_integrantes | E2: tamanho_equipe
A3: A | B3: {=UNIQUE(figurinhas!$D2:D31)} -> MACH FLAS | C3: VERMELHO | D3: =COUNTIF(figurinhas!$D$2:$D$24 , B3) -> 4 | E3: =IFS(D3<=3, "PEQUENA", D3<=4, "MEDIA", TRUE, "GRANDE") -> MEDIA
A4: B | B4: JUSTICEIROS | C4: AZUL | D4: =COUNTIF(figurinhas!$D$2:$D$24 , B4) -> 4 | E4: =IFS(D4<=3, "PEQUENA", D4<=4, "MEDIA", TRUE, "GRANDE") -> MEDIA
A5: C | B5: THE BEAR | C5: MARROM | D5: =COUNTIF(figurinhas!$D$2:$D$24 , B5) -> 3 | E5: =IFS(D5<=3, "PEQUENA", D5<=4, "MEDIA", TRUE, "GRANDE") -> PEQUENA
A6: D | B6: COBRA KAI | C6: CINZA | D6: =COUNTIF(figurinhas!$D$2:$D$24 , B6) -> 5 | E6: =IFS(D6<=3, "PEQUENA", D6<=4, "MEDIA", TRUE, "GRANDE") -> GRANDE
A7: E | B7: TROPA VTZ | C7: ROXO | D7: =COUNTIF(figurinhas!$D$2:$D$24 , B7) -> 5 | E7: =IFS(D7<=3, "PEQUENA", D7<=4, "MEDIA", TRUE, "GRANDE") -> GRANDE
A8: F | B8: EXTRA | C8: AMARELO | D8: =COUNTIF(figurinhas!$D$2:$D$24 , B8) -> 2 | E8: =IFS(D8<=3, "PEQUENA", D8<=4, "MEDIA", TRUE, "GRANDE") -> PEQUENA
